model,prec,recall,fscore
random_baseline_seed_3,0.15089163237311384,0.5,0.23182297154899892
random_baseline_seed_2,0.15204678362573099,0.4727272727272727,0.2300884955752212
random_baseline_seed_0,0.13963328631875882,0.45,0.21313240043057052
random_baseline_seed_1,0.13506139154160982,0.45,0.20776495278069254
random_baseline_seed_4,0.12942779291553133,0.4318181818181818,0.19916142557651992
